ISBN-10,ISBN-13,書籍名,寄贈日,寄贈者
4900900648,9784900900646,C実践プログラミング 第3版,2011/10/01,福田
4900900044,9784900900042,C++プログラミング入門,2011/10/01,福田
4900900796,9784900900790,初めてのPerl Win32システム,2011/10/01,福田
4844355732,9784844355731,HTML4 クイックスタートガイド,2011/10/01,福田
4883373266,9784883373260,HTML&スタイルシート レッスンブック,2013/03/01,津田
4274068668,9784274068669,RailsによるアジャイルWebアプリケーション開発 第4版,2014/09/10,松本
4774146633,9784774146638,Ruby on Rails3 アプリケーションプログラミング,2014/09/10,松本
4822281868,9784822281861,熊とワルツを,2011/10/01,福田
4822281116,9784822281113,ゆとりの法則,2011/10/01,福田
4822280535,9784822280536,デッドライン,2011/10/01,福田
4764902192,9784764902190,ニューロコンピューティングの数学的基礎,2011/10/01,福田
4274064069,9784274064067,UNIXという考え方,2011/10/01,福田
4774106747,9784774106748,極めるJava,2011/10/01,福田
4883731901,9784883731909,Javaオープンソース徹底攻略,2013/03/01,津田
4774117498,9784774117492,JBoss入門,2011/10/01,福田
4844316508,9784844316503,プロフェッショナルEJB,2011/10/01,福田
4797321148,9784797321142,Webアプリケーション/サービス開発者のためのJavaクラス設計,2011/10/01,福田
4797337206,9784797337204,Java並行処理プログラミング,2011/10/01,福田
4797314311,9784797314311,コア・サーブレット&JSP―Javaサーバ技術によるWeb開発,2011/10/01,福田
4844314068,9784844314066,Javaプログラミング,2011/10/01,福田
4844315501,9784844315506,プロフェッショナルJava 上,2011/12/01,香川
4844315641,9784844315643,プロフェッショナルJava 下,2011/12/01,香川
4894713438,9784894713437,プログラミング言語 Java,2011/12/01,香川
